[{"id":1,"first_name":"Billy","last_name":"Vasquez","email":"bvasquez0@tinyurl.com","country":"Jamaica","description":"ante ipsum primis in faucibus orci luctus et ultrices posuere cubilia curae duis faucibus accumsan","avatar":"https://robohash.org/quivoluptatibusullam.jpg?size=80x80\u0026set=set1"},
{"id":2,"first_name":"Juan","last_name":"Mccoy","email":"jmccoy1@hc360.com","country":"Nigeria","description":"aenean lectus pellentesque eget nunc donec quis orci eget orci vehicula condimentum curabitur in libero ut massa volutpat convallis morbi","avatar":"https://robohash.org/estetculpa.jpg?size=80x80\u0026set=set1"},
{"id":3,"first_name":"Margaret","last_name":"Kelly","email":"mkelly2@java.com","country":"Canada","description":"purus aliquet at feugiat non pretium quis lectus suspendisse potenti in eleifend quam a odio in hac habitasse","avatar":"https://robohash.org/eadoloresiste.jpg?size=80x80\u0026set=set1"},
{"id":4,"first_name":"Jack","last_name":"Banks","email":"jbanks3@time.com","country":"China","description":"faucibus orci luctus et ultrices posuere cubilia curae nulla dapibus dolor vel est donec odio","avatar":"https://robohash.org/quasvitaenostrum.jpg?size=80x80\u0026set=set1"},
{"id":5,"first_name":"Kimberly","last_name":"Watson","email":"kwatson4@wunderground.com","country":"Argentina","description":"nam nulla integer pede justo lacinia eget tincidunt eget tempus vel pede morbi porttitor lorem id ligula suspendisse","avatar":"https://robohash.org/voluptatemnesciuntreiciendis.jpg?size=80x80\u0026set=set1"},
{"id":6,"first_name":"Patricia","last_name":"Fox","email":"pfox5@archive.org","country":"China","description":"morbi quis tortor id nulla ultrices aliquet maecenas leo odio condimentum id luctus nec molestie sed justo pellentesque","avatar":"https://robohash.org/nemoinmollitia.jpg?size=80x80\u0026set=set1"},
{"id":7,"first_name":"Debra","last_name":"Reed","email":"dreed6@jugem.jp","country":"Indonesia","description":"malesuada in imperdiet et commodo vulputate justo in blandit ultrices enim lorem ipsum dolor sit amet consectetuer adipiscing elit","avatar":"https://robohash.org/suntassumendamolestiae.jpg?size=80x80\u0026set=set1"},
{"id":8,"first_name":"Arthur","last_name":"Olson","email":"aolson7@comsenz.com","country":"China","description":"maecenas leo odio condimentum id luctus nec molestie sed justo pellentesque viverra pede ac diam cras pellentesque volutpat dui maecenas","avatar":"https://robohash.org/voluptatemnumquamdolore.jpg?size=80x80\u0026set=set1"},
{"id":9,"first_name":"Aaron","last_name":"Bowman","email":"abowman8@weather.com","country":"Sweden","description":"mauris laoreet ut rhoncus aliquet pulvinar sed nisl nunc rhoncus dui vel sem sed sagittis","avatar":"https://robohash.org/quaesintvoluptatum.jpg?size=80x80\u0026set=set1"},
{"id":10,"first_name":"Bonnie","last_name":"Walker","email":"bwalker9@columbia.edu","country":"Finland","description":"metus sapien ut nunc vestibulum ante ipsum primis in faucibus orci luctus et ultrices posuere cubilia curae","avatar":"https://robohash.org/etaperiamqui.jpg?size=80x80\u0026set=set1"},
{"id":11,"first_name":"Judith","last_name":"Peterson","email":"jpetersona@google.de","country":"Malaysia","description":"at turpis a pede posuere nonummy integer non velit donec diam neque vestibulum eget vulputate","avatar":"https://robohash.org/veroexcepturieum.jpg?size=80x80\u0026set=set1"},
{"id":12,"first_name":"Jennifer","last_name":"Hughes","email":"jhughesb@wordpress.org","country":"Uruguay","description":"orci luctus et ultrices posuere cubilia curae mauris viverra diam vitae quam suspendisse potenti nullam porttitor lacus at turpis","avatar":"https://robohash.org/doloribusvoluptatumut.jpg?size=80x80\u0026set=set1"},
{"id":13,"first_name":"Raymond","last_name":"Thomas","email":"rthomasc@alibaba.com","country":"Indonesia","description":"tristique in tempus sit amet sem fusce consequat nulla nisl nunc nisl duis bibendum felis sed interdum","avatar":"https://robohash.org/pariatursequiaccusantium.jpg?size=80x80\u0026set=set1"},
{"id":14,"first_name":"Juan","last_name":"Jacobs","email":"jjacobsd@mediafire.com","country":"China","description":"quis odio consequat varius integer ac leo pellentesque ultrices mattis odio donec vitae nisi nam ultrices libero non mattis pulvinar","avatar":"https://robohash.org/commodiquisnesciunt.jpg?size=80x80\u0026set=set1"},
{"id":15,"first_name":"Diane","last_name":"Peterson","email":"dpetersone@sphinn.com","country":"Russia","description":"erat volutpat in congue etiam justo etiam pretium iaculis justo in hac habitasse platea dictumst etiam faucibus cursus urna ut","avatar":"https://robohash.org/undemolestiaepraesentium.jpg?size=80x80\u0026set=set1"},
{"id":16,"first_name":"Timothy","last_name":"Cooper","email":"tcooperf@cam.ac.uk","country":"Indonesia","description":"nulla ac enim in tempor turpis nec euismod scelerisque quam turpis adipiscing lorem vitae mattis nibh ligula nec","avatar":"https://robohash.org/quietinventore.jpg?size=80x80\u0026set=set1"},
{"id":17,"first_name":"Susan","last_name":"Ruiz","email":"sruizg@creativecommons.org","country":"Czech Republic","description":"orci mauris lacinia sapien quis libero nullam sit amet turpis elementum ligula vehicula consequat morbi a ipsum integer","avatar":"https://robohash.org/autdelectusporro.jpg?size=80x80\u0026set=set1"},
{"id":18,"first_name":"Randy","last_name":"Fuller","email":"rfullerh@vistaprint.com","country":"China","description":"imperdiet sapien urna pretium nisl ut volutpat sapien arcu sed augue aliquam erat volutpat in congue","avatar":"https://robohash.org/eaquelaborumtenetur.jpg?size=80x80\u0026set=set1"},
{"id":19,"first_name":"Ralph","last_name":"Welch","email":"rwelchi@networksolutions.com","country":"France","description":"faucibus orci luctus et ultrices posuere cubilia curae mauris viverra diam vitae quam suspendisse potenti","avatar":"https://robohash.org/undeetquaerat.jpg?size=80x80\u0026set=set1"},
{"id":20,"first_name":"Mildred","last_name":"Gomez","email":"mgomezj@jigsy.com","country":"Czech Republic","description":"odio donec vitae nisi nam ultrices libero non mattis pulvinar nulla pede ullamcorper augue a suscipit nulla","avatar":"https://robohash.org/numquamfacerebeatae.jpg?size=80x80\u0026set=set1"},
{"id":21,"first_name":"Albert","last_name":"Garza","email":"agarzak@noaa.gov","country":"Indonesia","description":"metus vitae ipsum aliquam non mauris morbi non lectus aliquam sit amet diam in magna bibendum imperdiet nullam orci","avatar":"https://robohash.org/inveniamipsum.jpg?size=80x80\u0026set=set1"},
{"id":22,"first_name":"Emily","last_name":"Baker","email":"ebakerl@google.nl","country":"United States","description":"vehicula consequat morbi a ipsum integer a nibh in quis justo maecenas rhoncus aliquam lacus morbi","avatar":"https://robohash.org/estaliaslaudantium.jpg?size=80x80\u0026set=set1"},
{"id":23,"first_name":"Sarah","last_name":"Elliott","email":"selliottm@1688.com","country":"Indonesia","description":"tellus semper interdum mauris ullamcorper purus sit amet nulla quisque arcu libero rutrum ac lobortis vel","avatar":"https://robohash.org/laudantiumadipisciducimus.jpg?size=80x80\u0026set=set1"},
{"id":24,"first_name":"Gary","last_name":"Ruiz","email":"gruizn@imageshack.us","country":"Portugal","description":"potenti in eleifend quam a odio in hac habitasse platea dictumst maecenas ut massa quis augue luctus","avatar":"https://robohash.org/utnullaaut.jpg?size=80x80\u0026set=set1"},
{"id":25,"first_name":"Betty","last_name":"Wallace","email":"bwallaceo@msn.com","country":"Czech Republic","description":"vivamus vestibulum sagittis sapien cum sociis natoque penatibus et magnis dis parturient montes nascetur ridiculus mus etiam","avatar":"https://robohash.org/oditvoluptatesvoluptatum.jpg?size=80x80\u0026set=set1"},
{"id":26,"first_name":"Anthony","last_name":"Castillo","email":"acastillop@wp.com","country":"Indonesia","description":"quisque erat eros viverra eget congue eget semper rutrum nulla nunc purus phasellus in felis donec semper sapien","avatar":"https://robohash.org/providentipsadolor.jpg?size=80x80\u0026set=set1"},
{"id":27,"first_name":"Eric","last_name":"Myers","email":"emyersq@statcounter.com","country":"Indonesia","description":"tempus vivamus in felis eu sapien cursus vestibulum proin eu mi nulla ac enim in tempor turpis nec euismod scelerisque","avatar":"https://robohash.org/ipsalaboriosamquia.jpg?size=80x80\u0026set=set1"},
{"id":28,"first_name":"Ashley","last_name":"Wheeler","email":"awheelerr@51.la","country":"Poland","description":"rutrum nulla nunc purus phasellus in felis donec semper sapien a libero nam dui proin leo odio porttitor","avatar":"https://robohash.org/oditlaboreaut.jpg?size=80x80\u0026set=set1"},
{"id":29,"first_name":"Lois","last_name":"Daniels","email":"ldanielss@wufoo.com","country":"Indonesia","description":"odio consequat varius integer ac leo pellentesque ultrices mattis odio donec vitae nisi nam ultrices libero non mattis pulvinar nulla","avatar":"https://robohash.org/dolorducimusdolorem.jpg?size=80x80\u0026set=set1"},
{"id":30,"first_name":"Nancy","last_name":"Griffin","email":"ngriffint@wsj.com","country":"China","description":"risus auctor sed tristique in tempus sit amet sem fusce consequat nulla nisl nunc nisl duis bibendum felis","avatar":"https://robohash.org/suntquinihil.jpg?size=80x80\u0026set=set1"},
{"id":31,"first_name":"Christopher","last_name":"Berry","email":"cberryu@sun.com","country":"Vietnam","description":"erat tortor sollicitudin mi sit amet lobortis sapien sapien non mi integer ac neque duis bibendum morbi non quam","avatar":"https://robohash.org/beataeprovidentblanditiis.jpg?size=80x80\u0026set=set1"},
{"id":32,"first_name":"Frances","last_name":"Lawson","email":"flawsonv@hatena.ne.jp","country":"Mexico","description":"et tempus semper est quam pharetra magna ac consequat metus sapien ut nunc vestibulum ante ipsum primis in faucibus orci","avatar":"https://robohash.org/autiurecupiditate.jpg?size=80x80\u0026set=set1"},
{"id":33,"first_name":"Victor","last_name":"Washington","email":"vwashingtonw@zdnet.com","country":"Brazil","description":"porttitor id consequat in consequat ut nulla sed accumsan felis ut at dolor quis odio","avatar":"https://robohash.org/nesciuntvelmollitia.jpg?size=80x80\u0026set=set1"},
{"id":34,"first_name":"Melissa","last_name":"Ross","email":"mrossx@php.net","country":"Philippines","description":"in lectus pellentesque at nulla suspendisse potenti cras in purus eu magna vulputate luctus cum sociis","avatar":"https://robohash.org/etquiid.jpg?size=80x80\u0026set=set1"},
{"id":35,"first_name":"Keith","last_name":"Morrison","email":"kmorrisony@cocolog-nifty.com","country":"Philippines","description":"metus arcu adipiscing molestie hendrerit at vulputate vitae nisl aenean lectus pellentesque eget nunc donec quis orci eget orci vehicula","avatar":"https://robohash.org/sedsitautem.jpg?size=80x80\u0026set=set1"},
{"id":36,"first_name":"Irene","last_name":"Bryant","email":"ibryantz@twitpic.com","country":"Colombia","description":"maecenas tristique est et tempus semper est quam pharetra magna ac consequat metus sapien ut","avatar":"https://robohash.org/praesentiumsuscipitassumenda.jpg?size=80x80\u0026set=set1"},
{"id":37,"first_name":"Anthony","last_name":"Wheeler","email":"awheeler10@goodreads.com","country":"Sudan","description":"vitae nisl aenean lectus pellentesque eget nunc donec quis orci eget orci vehicula condimentum curabitur in libero ut massa","avatar":"https://robohash.org/itaqueutsuscipit.jpg?size=80x80\u0026set=set1"},
{"id":38,"first_name":"Tammy","last_name":"Banks","email":"tbanks11@eepurl.com","country":"Portugal","description":"pellentesque volutpat dui maecenas tristique est et tempus semper est quam pharetra magna ac consequat metus","avatar":"https://robohash.org/eligendiperspiciatisnesciunt.jpg?size=80x80\u0026set=set1"},
{"id":39,"first_name":"Mildred","last_name":"Johnston","email":"mjohnston12@w3.org","country":"Indonesia","description":"sit amet consectetuer adipiscing elit proin risus praesent lectus vestibulum quam sapien varius ut blandit non interdum in ante vestibulum","avatar":"https://robohash.org/consequaturautnihil.jpg?size=80x80\u0026set=set1"},
{"id":40,"first_name":"Helen","last_name":"Bell","email":"hbell13@paginegialle.it","country":"Iraq","description":"vestibulum ac est lacinia nisi venenatis tristique fusce congue diam id ornare imperdiet sapien urna pretium","avatar":"https://robohash.org/aderrorrepudiandae.jpg?size=80x80\u0026set=set1"},
{"id":41,"first_name":"Wayne","last_name":"Wells","email":"wwells14@un.org","country":"Pakistan","description":"dictumst maecenas ut massa quis augue luctus tincidunt nulla mollis molestie lorem quisque ut erat curabitur gravida nisi at","avatar":"https://robohash.org/pariaturpossimusducimus.jpg?size=80x80\u0026set=set1"},
{"id":42,"first_name":"Peter","last_name":"Allen","email":"pallen15@tuttocitta.it","country":"Indonesia","description":"ipsum primis in faucibus orci luctus et ultrices posuere cubilia curae duis faucibus accumsan odio curabitur convallis duis consequat","avatar":"https://robohash.org/accusantiumearumquasi.jpg?size=80x80\u0026set=set1"},
{"id":43,"first_name":"Stephanie","last_name":"Hall","email":"shall16@mapquest.com","country":"Indonesia","description":"a nibh in quis justo maecenas rhoncus aliquam lacus morbi quis tortor id nulla ultrices aliquet maecenas leo odio condimentum","avatar":"https://robohash.org/doloreesteum.jpg?size=80x80\u0026set=set1"},
{"id":44,"first_name":"Rachel","last_name":"Chavez","email":"rchavez17@qq.com","country":"Nigeria","description":"quis turpis sed ante vivamus tortor duis mattis egestas metus aenean fermentum donec ut mauris eget massa tempor convallis nulla","avatar":"https://robohash.org/fugiatexercitationemsunt.jpg?size=80x80\u0026set=set1"},
{"id":45,"first_name":"Donna","last_name":"Morrison","email":"dmorrison18@edublogs.org","country":"Haiti","description":"ultrices vel augue vestibulum ante ipsum primis in faucibus orci luctus et ultrices posuere cubilia curae donec","avatar":"https://robohash.org/corruptiquaeanimi.jpg?size=80x80\u0026set=set1"},
{"id":46,"first_name":"Katherine","last_name":"Woods","email":"kwoods19@bizjournals.com","country":"China","description":"lectus aliquam sit amet diam in magna bibendum imperdiet nullam orci pede venenatis non sodales","avatar":"https://robohash.org/doloremoccaecatiadipisci.jpg?size=80x80\u0026set=set1"},
{"id":47,"first_name":"Wanda","last_name":"Myers","email":"wmyers1a@arizona.edu","country":"Belarus","description":"suspendisse accumsan tortor quis turpis sed ante vivamus tortor duis mattis egestas metus aenean fermentum","avatar":"https://robohash.org/dolorcorporisasperiores.jpg?size=80x80\u0026set=set1"},
{"id":48,"first_name":"Deborah","last_name":"Morgan","email":"dmorgan1b@instagram.com","country":"Brazil","description":"morbi porttitor lorem id ligula suspendisse ornare consequat lectus in est risus auctor sed tristique in tempus sit","avatar":"https://robohash.org/distinctiocorporisaccusamus.jpg?size=80x80\u0026set=set1"},
{"id":49,"first_name":"Ruby","last_name":"Anderson","email":"randerson1c@dot.gov","country":"Andorra","description":"porttitor lacus at turpis donec posuere metus vitae ipsum aliquam non mauris morbi non lectus aliquam sit amet diam","avatar":"https://robohash.org/occaecativelad.jpg?size=80x80\u0026set=set1"},
{"id":50,"first_name":"Alice","last_name":"Myers","email":"amyers1d@diigo.com","country":"China","description":"in hac habitasse platea dictumst etiam faucibus cursus urna ut tellus nulla ut erat id","avatar":"https://robohash.org/ethicsunt.jpg?size=80x80\u0026set=set1"}]